{ "books": 
    [
        {
            "id": 1,
            "name": "Luces de bohemia",
            "pages": 300,
            "editorial": "norma",
            "genres": "{suspenso,fantasia}",
            "author_id": 1,
            "published_date": "1994-07-12",
            "cover": "https://assets.brightspot.abebooks.a2z.com/dims4/default/04d3be5/2147483647/strip/true/crop/331x500+0+0/resize/350x529!/format/webp/quality/90/?url=http%3A%2F%2Fabebooks-brightspot.s3.amazonaws.com%2F9e%2F47%2F0e7599994fed994bb5b05beb2934%2Fluces.jpg",
            "resumen": "Lorem Ipsum is simply dummy text of the printing and typesetting industry. Lorem Ipsum has been the industry's standard dummy text ever since the 1500s",
            "created_at": "2023-01-24T23:03:25.911Z",
            "updated_at": "2023-01-24T23:03:25.911Z"
        },
        {
            "id": 2,
            "name": "Crimen y castigo",
            "pages": 300,
            "editorial": "norma",
            "genres": "{suspenso,fantasia}",
            "author_id": 1,
            "published_date": "1994-07-12",
            "cover": "https://assets.brightspot.abebooks.a2z.com/dims4/default/04d3be5/2147483647/strip/true/crop/331x500+0+0/resize/350x529!/format/webp/quality/90/?url=http%3A%2F%2Fabebooks-brightspot.s3.amazonaws.com%2F9e%2F47%2F0e7599994fed994bb5b05beb2934%2Fluces.jpg",
            "resumen": "Lorem Ipsum is simply dummy text of the printing and typesetting industry. Lorem Ipsum has been the industry's standard dummy text ever since the 1500s",
            "created_at": "2023-01-24T23:03:46.693Z",
            "updated_at": "2023-01-24T23:03:46.693Z"
        },
        {
            "id": 3,
            "name": "100 años de Soledad",
            "pages": 300,
            "editorial": "norma",
            "genres": "{suspenso,fantasia}",
            "author_id": 1,
            "published_date": "1994-07-12",
            "cover": "https://assets.brightspot.abebooks.a2z.com/dims4/default/04d3be5/2147483647/strip/true/crop/331x500+0+0/resize/350x529!/format/webp/quality/90/?url=http%3A%2F%2Fabebooks-brightspot.s3.amazonaws.com%2F9e%2F47%2F0e7599994fed994bb5b05beb2934%2Fluces.jpg",
            "resumen": "Lorem Ipsum is simply dummy text of the printing and typesetting industry. Lorem Ipsum has been the industry's standard dummy text ever since the 1500s",
            "created_at": "2023-01-24T23:03:57.423Z",
            "updated_at": "2023-01-24T23:03:57.423Z"
        },
        {
            "id": 4,
            "name": "100 años de Soledad",
            "pages": 300,
            "editorial": "norma",
            "genres": "{suspenso,fantasia}",
            "author_id": 2,
            "published_date": "1994-07-12",
            "cover": "https://assets.brightspot.abebooks.a2z.com/dims4/default/04d3be5/2147483647/strip/true/crop/331x500+0+0/resize/350x529!/format/webp/quality/90/?url=http%3A%2F%2Fabebooks-brightspot.s3.amazonaws.com%2F9e%2F47%2F0e7599994fed994bb5b05beb2934%2Fluces.jpg",
            "resumen": "Lorem Ipsum is simply dummy text of the printing and typesetting industry. Lorem Ipsum has been the industry's standard dummy text ever since the 1500s",
            "created_at": "2023-01-24T23:04:02.511Z",
            "updated_at": "2023-01-24T23:04:02.511Z"
        },
        {
            "id": 5,
            "name": "100 años de Soledad",
            "pages": 300,
            "editorial": "norma",
            "genres": "{suspenso,fantasia}",
            "author_id": 3,
            "published_date": "1994-07-12",
            "cover": "https://assets.brightspot.abebooks.a2z.com/dims4/default/04d3be5/2147483647/strip/true/crop/331x500+0+0/resize/350x529!/format/webp/quality/90/?url=http%3A%2F%2Fabebooks-brightspot.s3.amazonaws.com%2F9e%2F47%2F0e7599994fed994bb5b05beb2934%2Fluces.jpg",
            "resumen": "Lorem Ipsum is simply dummy text of the printing and typesetting industry. Lorem Ipsum has been the industry's standard dummy text ever since the 1500s",
            "created_at": "2023-01-24T23:04:07.252Z",
            "updated_at": "2023-01-24T23:04:07.252Z"
        },
        {
            "id": 6,
            "name": "Crimen y castigo",
            "pages": 300,
            "editorial": "norma",
            "genres": "{suspenso,fantasia}",
            "author_id": 4,
            "published_date": "1994-07-12",
            "cover": "https://assets.brightspot.abebooks.a2z.com/dims4/default/04d3be5/2147483647/strip/true/crop/331x500+0+0/resize/350x529!/format/webp/quality/90/?url=http%3A%2F%2Fabebooks-brightspot.s3.amazonaws.com%2F9e%2F47%2F0e7599994fed994bb5b05beb2934%2Fluces.jpg",
            "resumen": "Lorem Ipsum is simply dummy text of the printing and typesetting industry. Lorem Ipsum has been the industry's standard dummy text ever since the 1500s",
            "created_at": "2023-01-24T23:04:22.838Z",
            "updated_at": "2023-01-24T23:04:22.838Z"
        },
        {
            "id": 7,
            "name": "Crimen y castigo",
            "pages": 300,
            "editorial": "norma",
            "genres": "{suspenso,fantasia}",
            "author_id": 3,
            "published_date": "1994-07-12",
            "cover": "https://assets.brightspot.abebooks.a2z.com/dims4/default/04d3be5/2147483647/strip/true/crop/331x500+0+0/resize/350x529!/format/webp/quality/90/?url=http%3A%2F%2Fabebooks-brightspot.s3.amazonaws.com%2F9e%2F47%2F0e7599994fed994bb5b05beb2934%2Fluces.jpg",
            "resumen": "Lorem Ipsum is simply dummy text of the printing and typesetting industry. Lorem Ipsum has been the industry's standard dummy text ever since the 1500s",
            "created_at": "2023-01-24T23:04:27.868Z",
            "updated_at": "2023-01-24T23:04:27.868Z"
        },
        {
            "id": 8,
            "name": "Crimen y castigo",
            "pages": 300,
            "editorial": "norma",
            "genres": "{suspenso,fantasia}",
            "author_id": 7,
            "published_date": "1994-07-12",
            "cover": "https://assets.brightspot.abebooks.a2z.com/dims4/default/04d3be5/2147483647/strip/true/crop/331x500+0+0/resize/350x529!/format/webp/quality/90/?url=http%3A%2F%2Fabebooks-brightspot.s3.amazonaws.com%2F9e%2F47%2F0e7599994fed994bb5b05beb2934%2Fluces.jpg",
            "resumen": "Lorem Ipsum is simply dummy text of the printing and typesetting industry. Lorem Ipsum has been the industry's standard dummy text ever since the 1500s",
            "created_at": "2023-01-24T23:04:31.303Z",
            "updated_at": "2023-01-24T23:04:31.303Z"
        },
        {
            "id": 9,
            "name": "Crimen y castigo",
            "pages": 300,
            "editorial": "norma",
            "genres": "{suspenso,fantasia}",
            "author_id": 2,
            "published_date": "1994-07-12",
            "cover": "https://assets.brightspot.abebooks.a2z.com/dims4/default/04d3be5/2147483647/strip/true/crop/331x500+0+0/resize/350x529!/format/webp/quality/90/?url=http%3A%2F%2Fabebooks-brightspot.s3.amazonaws.com%2F9e%2F47%2F0e7599994fed994bb5b05beb2934%2Fluces.jpg",
            "resumen": "Lorem Ipsum is simply dummy text of the printing and typesetting industry. Lorem Ipsum has been the industry's standard dummy text ever since the 1500s",
            "created_at": "2023-01-24T23:04:34.622Z",
            "updated_at": "2023-01-24T23:04:34.622Z"
        },
        {
            "id": 10,
            "name": "Luces de bohemia",
            "pages": 300,
            "editorial": "norma",
            "genres": "{suspenso,fantasia}",
            "author_id": 2,
            "published_date": "1994-07-12",
            "cover": "https://assets.brightspot.abebooks.a2z.com/dims4/default/04d3be5/2147483647/strip/true/crop/331x500+0+0/resize/350x529!/format/webp/quality/90/?url=http%3A%2F%2Fabebooks-brightspot.s3.amazonaws.com%2F9e%2F47%2F0e7599994fed994bb5b05beb2934%2Fluces.jpg",
            "resumen": "Lorem Ipsum is simply dummy text of the printing and typesetting industry. Lorem Ipsum has been the industry's standard dummy text ever since the 1500s",
            "created_at": "2023-01-24T23:04:45.337Z",
            "updated_at": "2023-01-24T23:04:45.337Z"
        },
        {
            "id": 11,
            "name": "Luces de bohemia",
            "pages": 300,
            "editorial": "norma",
            "genres": "{suspenso,fantasia}",
            "author_id": 3,
            "published_date": "1994-07-12",
            "cover": "https://assets.brightspot.abebooks.a2z.com/dims4/default/04d3be5/2147483647/strip/true/crop/331x500+0+0/resize/350x529!/format/webp/quality/90/?url=http%3A%2F%2Fabebooks-brightspot.s3.amazonaws.com%2F9e%2F47%2F0e7599994fed994bb5b05beb2934%2Fluces.jpg",
            "resumen": "Lorem Ipsum is simply dummy text of the printing and typesetting industry. Lorem Ipsum has been the industry's standard dummy text ever since the 1500s",
            "created_at": "2023-01-24T23:04:48.275Z",
            "updated_at": "2023-01-24T23:04:48.275Z"
        },
        {
            "id": 12,
            "name": "Luces de bohemia",
            "pages": 300,
            "editorial": "norma",
            "genres": "{suspenso,fantasia}",
            "author_id": 5,
            "published_date": "1994-07-12",
            "cover": "https://assets.brightspot.abebooks.a2z.com/dims4/default/04d3be5/2147483647/strip/true/crop/331x500+0+0/resize/350x529!/format/webp/quality/90/?url=http%3A%2F%2Fabebooks-brightspot.s3.amazonaws.com%2F9e%2F47%2F0e7599994fed994bb5b05beb2934%2Fluces.jpg",
            "resumen": "Lorem Ipsum is simply dummy text of the printing and typesetting industry. Lorem Ipsum has been the industry's standard dummy text ever since the 1500s",
            "created_at": "2023-01-24T23:04:51.987Z",
            "updated_at": "2023-01-24T23:04:51.987Z"
        },
        {
            "id": 13,
            "name": "Luces de bohemia",
            "pages": 300,
            "editorial": "norma",
            "genres": "{suspenso,fantasia}",
            "author_id": 6,
            "published_date": "1994-07-12",
            "cover": "https://assets.brightspot.abebooks.a2z.com/dims4/default/04d3be5/2147483647/strip/true/crop/331x500+0+0/resize/350x529!/format/webp/quality/90/?url=http%3A%2F%2Fabebooks-brightspot.s3.amazonaws.com%2F9e%2F47%2F0e7599994fed994bb5b05beb2934%2Fluces.jpg",
            "resumen": "Lorem Ipsum is simply dummy text of the printing and typesetting industry. Lorem Ipsum has been the industry's standard dummy text ever since the 1500s",
            "created_at": "2023-01-24T23:04:55.006Z",
            "updated_at": "2023-01-24T23:04:55.006Z"
        },
        {
            "id": 14,
            "name": "Luces de bohemia",
            "pages": 300,
            "editorial": "norma",
            "genres": "{suspenso,fantasia}",
            "author_id": 8,
            "published_date": "1994-07-12",
            "cover": "https://assets.brightspot.abebooks.a2z.com/dims4/default/04d3be5/2147483647/strip/true/crop/331x500+0+0/resize/350x529!/format/webp/quality/90/?url=http%3A%2F%2Fabebooks-brightspot.s3.amazonaws.com%2F9e%2F47%2F0e7599994fed994bb5b05beb2934%2Fluces.jpg",
            "resumen": "Lorem Ipsum is simply dummy text of the printing and typesetting industry. Lorem Ipsum has been the industry's standard dummy text ever since the 1500s",
            "created_at": "2023-01-24T23:04:58.517Z",
            "updated_at": "2023-01-24T23:04:58.517Z"
        },
        {
            "id": 15,
            "name": "La casa de los espíritus",
            "pages": 300,
            "editorial": "norma",
            "genres": "{suspenso,fantasia}",
            "author_id": 1,
            "published_date": "1994-07-12",
            "cover": "https://assets.brightspot.abebooks.a2z.com/dims4/default/d01abf3/2147483647/strip/true/crop/331x500+0+0/resize/350x529!/format/webp/quality/90/?url=http%3A%2F%2Fabebooks-brightspot.s3.amazonaws.com%2F60%2Fed%2F94655a904ffd8d332374a2c98c0c%2Fallende.jpg",
            "resumen": "Lorem Ipsum is simply dummy text of the printing and typesetting industry. Lorem Ipsum has been the industry's standard dummy text ever since the 1500s",
            "created_at": "2023-01-24T23:05:28.232Z",
            "updated_at": "2023-01-24T23:05:28.232Z"
        },
        {
            "id": 16,
            "name": "La casa de los espíritus",
            "pages": 300,
            "editorial": "norma",
            "genres": "{suspenso,fantasia}",
            "author_id": 2,
            "published_date": "1994-07-12",
            "cover": "https://assets.brightspot.abebooks.a2z.com/dims4/default/d01abf3/2147483647/strip/true/crop/331x500+0+0/resize/350x529!/format/webp/quality/90/?url=http%3A%2F%2Fabebooks-brightspot.s3.amazonaws.com%2F60%2Fed%2F94655a904ffd8d332374a2c98c0c%2Fallende.jpg",
            "resumen": "Lorem Ipsum is simply dummy text of the printing and typesetting industry. Lorem Ipsum has been the industry's standard dummy text ever since the 1500s",
            "created_at": "2023-01-24T23:05:31.093Z",
            "updated_at": "2023-01-24T23:05:31.093Z"
        },
        {
            "id": 17,
            "name": "La casa de los espíritus",
            "pages": 300,
            "editorial": "norma",
            "genres": "{suspenso,fantasia}",
            "author_id": 3,
            "published_date": "1994-07-12",
            "cover": "https://assets.brightspot.abebooks.a2z.com/dims4/default/d01abf3/2147483647/strip/true/crop/331x500+0+0/resize/350x529!/format/webp/quality/90/?url=http%3A%2F%2Fabebooks-brightspot.s3.amazonaws.com%2F60%2Fed%2F94655a904ffd8d332374a2c98c0c%2Fallende.jpg",
            "resumen": "Lorem Ipsum is simply dummy text of the printing and typesetting industry. Lorem Ipsum has been the industry's standard dummy text ever since the 1500s",
            "created_at": "2023-01-24T23:05:34.076Z",
            "updated_at": "2023-01-24T23:05:34.076Z"
        },
        {
            "id": 18,
            "name": "La casa de los espíritus",
            "pages": 300,
            "editorial": "norma",
            "genres": "{suspenso,fantasia}",
            "author_id": 4,
            "published_date": "1994-07-12",
            "cover": "https://assets.brightspot.abebooks.a2z.com/dims4/default/d01abf3/2147483647/strip/true/crop/331x500+0+0/resize/350x529!/format/webp/quality/90/?url=http%3A%2F%2Fabebooks-brightspot.s3.amazonaws.com%2F60%2Fed%2F94655a904ffd8d332374a2c98c0c%2Fallende.jpg",
            "resumen": "Lorem Ipsum is simply dummy text of the printing and typesetting industry. Lorem Ipsum has been the industry's standard dummy text ever since the 1500s",
            "created_at": "2023-01-24T23:05:37.728Z",
            "updated_at": "2023-01-24T23:05:37.728Z"
        },
        {
            "id": 19,
            "name": "Preludio a la fundación",
            "pages": 300,
            "editorial": "norma",
            "genres": "{suspenso,fantasia}",
            "author_id": 4,
            "published_date": "1994-07-12",
            "cover": "https://assets.brightspot.abebooks.a2z.com/dims4/default/4ab873c/2147483647/strip/true/crop/331x500+0+0/resize/350x529!/format/webp/quality/90/?url=http%3A%2F%2Fabebooks-brightspot.s3.amazonaws.com%2F5c%2F31%2F93c014764358b01250ae2ca2fa94%2Fasimov.jpg",
            "resumen": "Lorem Ipsum is simply dummy text of the printing and typesetting industry. Lorem Ipsum has been the industry's standard dummy text ever since the 1500s",
            "created_at": "2023-01-24T23:06:03.238Z",
            "updated_at": "2023-01-24T23:06:03.238Z"
        },
        {
            "id": 20,
            "name": "Preludio a la fundación",
            "pages": 300,
            "editorial": "norma",
            "genres": "{suspenso,fantasia}",
            "author_id": 8,
            "published_date": "1994-07-12",
            "cover": "https://assets.brightspot.abebooks.a2z.com/dims4/default/4ab873c/2147483647/strip/true/crop/331x500+0+0/resize/350x529!/format/webp/quality/90/?url=http%3A%2F%2Fabebooks-brightspot.s3.amazonaws.com%2F5c%2F31%2F93c014764358b01250ae2ca2fa94%2Fasimov.jpg",
            "resumen": "Lorem Ipsum is simply dummy text of the printing and typesetting industry. Lorem Ipsum has been the industry's standard dummy text ever since the 1500s",
            "created_at": "2023-01-24T23:06:09.591Z",
            "updated_at": "2023-01-24T23:06:09.591Z"
        },
        {
            "id": 21,
            "name": "Preludio a la fundación",
            "pages": 300,
            "editorial": "norma",
            "genres": "{suspenso,fantasia}",
            "author_id": 9,
            "published_date": "1994-07-12",
            "cover": "https://assets.brightspot.abebooks.a2z.com/dims4/default/4ab873c/2147483647/strip/true/crop/331x500+0+0/resize/350x529!/format/webp/quality/90/?url=http%3A%2F%2Fabebooks-brightspot.s3.amazonaws.com%2F5c%2F31%2F93c014764358b01250ae2ca2fa94%2Fasimov.jpg",
            "resumen": "Lorem Ipsum is simply dummy text of the printing and typesetting industry. Lorem Ipsum has been the industry's standard dummy text ever since the 1500s",
            "created_at": "2023-01-24T23:06:12.600Z",
            "updated_at": "2023-01-24T23:06:12.600Z"
        },
        {
            "id": 22,
            "name": "Preludio a la fundación",
            "pages": 300,
            "editorial": "norma",
            "genres": "{suspenso,fantasia}",
            "author_id": 10,
            "published_date": "1994-07-12",
            "cover": "https://assets.brightspot.abebooks.a2z.com/dims4/default/4ab873c/2147483647/strip/true/crop/331x500+0+0/resize/350x529!/format/webp/quality/90/?url=http%3A%2F%2Fabebooks-brightspot.s3.amazonaws.com%2F5c%2F31%2F93c014764358b01250ae2ca2fa94%2Fasimov.jpg",
            "resumen": "Lorem Ipsum is simply dummy text of the printing and typesetting industry. Lorem Ipsum has been the industry's standard dummy text ever since the 1500s",
            "created_at": "2023-01-24T23:06:16.186Z",
            "updated_at": "2023-01-24T23:06:16.186Z"
        },
        {
            "id": 23,
            "name": "Preludio a la fundación",
            "pages": 300,
            "editorial": "norma",
            "genres": "{suspenso,fantasia}",
            "author_id": 11,
            "published_date": "1994-07-12",
            "cover": "https://assets.brightspot.abebooks.a2z.com/dims4/default/4ab873c/2147483647/strip/true/crop/331x500+0+0/resize/350x529!/format/webp/quality/90/?url=http%3A%2F%2Fabebooks-brightspot.s3.amazonaws.com%2F5c%2F31%2F93c014764358b01250ae2ca2fa94%2Fasimov.jpg",
            "resumen": "Lorem Ipsum is simply dummy text of the printing and typesetting industry. Lorem Ipsum has been the industry's standard dummy text ever since the 1500s",
            "created_at": "2023-01-24T23:06:19.437Z",
            "updated_at": "2023-01-24T23:06:19.437Z"
        },
        {
            "id": 24,
            "name": "Preludio a la fundación",
            "pages": 300,
            "editorial": "norma",
            "genres": "{suspenso,fantasia}",
            "author_id": 12,
            "published_date": "1994-07-12",
            "cover": "https://assets.brightspot.abebooks.a2z.com/dims4/default/4ab873c/2147483647/strip/true/crop/331x500+0+0/resize/350x529!/format/webp/quality/90/?url=http%3A%2F%2Fabebooks-brightspot.s3.amazonaws.com%2F5c%2F31%2F93c014764358b01250ae2ca2fa94%2Fasimov.jpg",
            "resumen": "Lorem Ipsum is simply dummy text of the printing and typesetting industry. Lorem Ipsum has been the industry's standard dummy text ever since the 1500s",
            "created_at": "2023-01-24T23:06:22.874Z",
            "updated_at": "2023-01-24T23:06:22.874Z"
        }
    ]
}